id,name,email,gender
1,Earlie,ecabena0@homestead.com,Male
2,Tarrance,twolfit1@bandcamp.com,Male
3,Iorgos,imulqueen2@gravatar.com,Male
4,Emeline,ewoolager3@wiley.com,Female
5,Angil,adufton4@japanpost.jp,Female
6,Fernanda,ffleay5@scribd.com,Female
7,Grenville,godevey6@networkadvertising.org,Male
8,Rubetta,rstrike7@house.gov,Female
9,Thatcher,tdevennie8@ycombinator.com,Male
10,Bradan,bgerrell9@msn.com,Male
11,Padraig,pdymicka@redcross.org,Male
12,Camellia,charropb@home.pl,Female
13,Siward,stollidayc@google.nl,Male
14,Kaela,kfortmand@is.gd,Female
15,Pansie,pmethingame@imageshack.us,Female
16,Cathyleen,cgolagleyf@fastcompany.com,Female
17,Val,vlebrung@aol.com,Female
18,Nina,nkunh@digg.com,Female
19,Warde,wklaaaseni@sciencedirect.com,Male
20,Eve,efazanj@google.com.au,Female
21,Estevan,emeatyardk@sitemeter.com,Male
22,Tamarra,twimsl@yandex.ru,Female
23,Delainey,dsantm@webmd.com,Male
24,Umeko,unormanvilln@ocn.ne.jp,Female
25,Arabela,amarielo@symantec.com,Female
26,Dita,dfyallp@instagram.com,Female
27,Adamo,ascedallq@deviantart.com,Male
28,Cleo,cmartinyukr@biglobe.ne.jp,Female
29,Jarad,jocarrans@webmd.com,Male
30,Leela,lbenest@about.me,Female
31,Ethe,edoughertyu@ucoz.ru,Male
32,Sammie,sspiviev@yolasite.com,Male
33,Burgess,bzanneliw@webeden.co.uk,Male
34,Samantha,svasyaginx@parallels.com,Female
35,Kilian,kbarrelly@fc2.com,Male
36,Gordan,gfladez@yellowpages.com,Male
37,Jereme,jshimuk10@elpais.com,Male
38,Dniren,dvaughten11@foxnews.com,Female
39,Boony,bfritzer12@eventbrite.com,Male
40,Auroora,ariseborough13@seesaa.net,Female
41,Lemar,lburhouse14@cisco.com,Male
42,Tabbatha,tlesper15@rakuten.co.jp,Female
43,Jillene,jlaight16@ocn.ne.jp,Female
44,Lynnet,lkearley17@marketwatch.com,Female
45,Grady,gdeddum18@dell.com,Male
46,Constantine,cmayhew19@mozilla.com,Female
47,Annecorinne,awabe1a@ted.com,Female
48,Irv,ivillage1b@dion.ne.jp,Male
49,Delinda,ddinkin1c@163.com,Female
50,Malina,mioan1d@sfgate.com,Female
51,Meryl,mbickerdyke1e@apple.com,Female
52,Nickie,neicke1f@bbb.org,Male
53,Regen,rraithby1g@harvard.edu,Male
54,Pyotr,ppowles1h@imageshack.us,Male
55,Yorke,ycicci1i@i2i.jp,Male
56,Lanette,ldoone1j@addthis.com,Female
57,Ginelle,gboydon1k@taobao.com,Female
58,Torrin,tbailes1l@marketwatch.com,Male
59,Ethelin,ecaddies1m@facebook.com,Female
60,Loella,ldegrey1n@zdnet.com,Female
61,Sheena,sgurry1o@mediafire.com,Female
62,Camellia,cleverson1p@home.pl,Female
63,Eldredge,emccorry1q@shop-pro.jp,Male
64,Devora,droth1r@zimbio.com,Female
65,Lammond,lguiu1s@example.com,Male
66,Marylynne,mrobbins1t@cornell.edu,Female
67,Eduino,edeener1u@independent.co.uk,Male
68,Arty,alittleover1v@house.gov,Male
69,Arni,arodrig1w@barnesandnoble.com,Male
70,Zorine,zwillingam1x@yolasite.com,Female
71,Carrie,cmoulding1y@i2i.jp,Female
72,Haroun,hionesco1z@scientificamerican.com,Male
73,Hugh,hswinden20@webmd.com,Male
74,Dyanne,dmuxworthy21@marketwatch.com,Female
75,Kaylil,kwinkett22@sfgate.com,Female
76,Jerri,jsinfield23@forbes.com,Male
77,Clevey,ckielty24@virginia.edu,Male
78,Vi,vbusst25@vk.com,Female
79,Debor,dbreckenridge26@spotify.com,Female
80,Lonny,lmaltby27@tmall.com,Male
81,Cody,cawde28@flickr.com,Male
82,Auberon,adempster29@g.co,Male
83,Luisa,lwilcott2a@example.com,Female
84,Arlen,ahatry2b@google.nl,Male
85,Isaak,iriccetti2c@sina.com.cn,Male
86,William,wrotchell2d@bloglines.com,Male
87,Donnell,dbain2e@scribd.com,Male
88,Elfrieda,eleve2f@shareasale.com,Female
89,Normy,ntellenbrook2g@ox.ac.uk,Male
90,Wynnie,wchace2h@uol.com.br,Female
91,Finn,fbrazier2i@de.vu,Male
92,Jessie,jgutman2j@imdb.com,Male
93,Truman,taspinell2k@toplist.cz,Male
94,Allix,apicheford2l@unc.edu,Female
95,Helenka,hcapper2m@thetimes.co.uk,Female
96,Kynthia,kbrown2n@weather.com,Female
97,Florencia,felvey2o@dedecms.com,Female
98,Sylas,smetterick2p@baidu.com,Male
99,Neile,ncomello2q@vinaora.com,Female
100,Zane,zcow2r@qq.com,Male
101,Harold,hworters2s@hud.gov,Male
102,Inna,ifrays2t@soup.io,Female
103,Dav,dmadelin2u@instagram.com,Male
104,Marcellina,mkepe2v@reference.com,Female
105,Arthur,aeveque2w@mapy.cz,Male
106,Waylen,wfrid2x@pbs.org,Male
107,Keelby,kcroydon2y@miitbeian.gov.cn,Male
108,Hynda,hvlahos2z@paginegialle.it,Female
109,Angelina,arivelin30@umich.edu,Female
110,Jeramie,jbulluck31@barnesandnoble.com,Male
111,Enriqueta,esharples32@biglobe.ne.jp,Female
112,Brenda,baikett33@intel.com,Female
113,Cammy,ctunstall34@springer.com,Female
114,Anni,ahayto35@1688.com,Female
115,Ilaire,iwayne36@uol.com.br,Male
116,Remington,rtolefree37@artisteer.com,Male
117,Ambrosio,aazemar38@netscape.com,Male
118,Kyrstin,ksexon39@webmd.com,Female
119,Arliene,amandrey3a@mapy.cz,Female
120,Daisie,dmalden3b@uiuc.edu,Female
121,Wilek,wpridie3c@chron.com,Male
122,Veradis,vglew3d@cafepress.com,Female
123,Vidovic,vmatteo3e@yolasite.com,Male
124,Hertha,hshadwick3f@forbes.com,Female
125,Miller,mvandervelde3g@stumbleupon.com,Male
126,Thorn,twyldbore3h@narod.ru,Male
127,Sheryl,smarsy3i@paypal.com,Female
128,Persis,pkoppes3j@nasa.gov,Female
129,Earlie,eazemar3k@latimes.com,Male
130,Tam,tmixhel3l@pen.io,Male
131,Merline,mdoohey3m@cbslocal.com,Female
132,Kelley,ksimoni3n@netlog.com,Female
133,Zitella,zholligan3o@yahoo.co.jp,Female
134,Francoise,fbahde3p@irs.gov,Female
135,Isiahi,iricciardello3q@mlb.com,Male
136,Helga,hstickney3r@flavors.me,Female
137,Claudelle,cpoulsum3s@usatoday.com,Female
138,Alexis,ahelks3t@ftc.gov,Female
139,Eustace,ekeets3u@tuttocitta.it,Male
140,Mattias,mfolbige3v@phpbb.com,Male
141,Kennith,kkolyagin3w@sciencedirect.com,Male
142,Roscoe,rswain3x@barnesandnoble.com,Male
143,Esther,esayles3y@hp.com,Female
144,Yorke,ytrusslove3z@joomla.org,Male
145,Vachel,vbowcock40@shinystat.com,Male
146,Thekla,tgavaghan41@unicef.org,Female
147,Aubrey,acowup42@webeden.co.uk,Male
148,Corie,ctorra43@ftc.gov,Female
149,Frances,flehr44@rediff.com,Female
150,Darline,dpaskell45@yale.edu,Female
151,Skipp,swiddows46@twitpic.com,Male
152,Izzy,ikornyakov47@squarespace.com,Male
153,Yasmeen,yfalshaw48@virginia.edu,Female
154,Dru,dklus49@sbwire.com,Female
155,Terri-jo,tcruddace4a@jigsy.com,Female
156,Delbert,dbloxsom4b@bing.com,Male
157,Tomkin,tmingard4c@ucoz.com,Male
158,Neel,nhumfrey4d@simplemachines.org,Male
159,Bryce,bhugett4e@furl.net,Male
160,Audrie,aianittello4f@businesswire.com,Female
161,Daniele,dtesimon4g@ocn.ne.jp,Female
162,Gerard,gwillock4h@a8.net,Male
163,Emelda,etommei4i@twitpic.com,Female
164,Marlo,mwaliszewski4j@acquirethisname.com,Male
165,Florentia,fducker4k@statcounter.com,Female
166,Judon,jrickman4l@amazon.de,Male
167,Tobi,tpash4m@oaic.gov.au,Female
168,Hewie,hrosensaft4n@china.com.cn,Male
169,Kitty,kbento4o@hp.com,Female
170,Wolf,wjenner4p@google.it,Male
171,Julio,jforst4q@go.com,Male
172,Caro,ctetther4r@unesco.org,Female
173,Simonette,sskeermor4s@miitbeian.gov.cn,Female
174,Cirillo,cmccart4t@ibm.com,Male
175,Syd,soffield4u@wikipedia.org,Male
176,Heath,hpollard4v@wikispaces.com,Female
177,Karlene,krablin4w@aboutads.info,Female
178,Fionnula,fniset4x@vk.com,Female
179,Nananne,nkiss4y@npr.org,Female
180,Clevie,cgarroway4z@360.cn,Male
181,Ly,lpurselow50@microsoft.com,Male
182,Chrissy,cbircher51@fotki.com,Female
183,Blondell,bcordeix52@bloglines.com,Female
184,Virginie,vpaunsford53@independent.co.uk,Female
185,Denny,dmenilove54@senate.gov,Female
186,Rayshell,rburk55@vkontakte.ru,Female
187,Lukas,lfrancisco56@webs.com,Male
188,Austine,awinridge57@vistaprint.com,Female
189,Nigel,nhankard58@home.pl,Male
190,Almeria,ahardey59@360.cn,Female
191,Gardiner,gagglio5a@mtv.com,Male
192,Ernesto,ekemer5b@live.com,Male
193,Peggi,ppenhale5c@sina.com.cn,Female
194,Lionel,lfosberry5d@google.es,Male
195,Marshall,mbernholt5e@wix.com,Male
196,Benedick,bmackellar5f@gov.uk,Male
197,Darnall,dbriance5g@dagondesign.com,Male
198,Lowell,lflewett5h@jigsy.com,Male
199,Garv,gdewberry5i@joomla.org,Male
200,Lionel,lgraffham5j@irs.gov,Male
201,Martin,mflores5k@elegantthemes.com,Male
202,Rodrique,rkaesmans5l@lulu.com,Male
203,Zacherie,zcram5m@paginegialle.it,Male
204,North,npunton5n@blogspot.com,Male
205,Georgetta,ghainning5o@gmpg.org,Female
206,Padraic,praggitt5p@blogtalkradio.com,Male
207,Kathy,ktinwell5q@storify.com,Female
208,Verile,vwyrall5r@unblog.fr,Female
209,Yehudit,ybalfe5s@unesco.org,Male
210,Harv,hsealy5t@independent.co.uk,Male
211,Ida,iharrold5u@amazonaws.com,Female
212,Ursuline,ulabden5v@google.ru,Female
213,Zenia,zrubinowicz5w@constantcontact.com,Female
214,Philis,plenin5x@yellowpages.com,Female
215,Tammy,tbasler5y@prweb.com,Female
216,Joel,jgoacher5z@netvibes.com,Male
217,Timothea,tillesley60@google.es,Female
218,Ryun,rcosslett61@adobe.com,Male
219,Conny,cmckoy62@tripod.com,Female
220,Andrew,acounihan63@dedecms.com,Male
221,Dwight,dcolley64@businessweek.com,Male
222,Becky,bpatriche65@shop-pro.jp,Female
223,Thomasine,tparratt66@flavors.me,Female
224,Meryl,msolland67@t-online.de,Male
225,Neil,nmoorcroft68@privacy.gov.au,Male
226,Domingo,dburgane69@soup.io,Male
227,Keary,kandreolli6a@twitter.com,Male
228,Corella,croma6b@wsj.com,Female
229,Gianni,gillston6c@wisc.edu,Male
230,Corette,cbleakley6d@discuz.net,Female
231,Etty,escoffham6e@senate.gov,Female
232,Tommie,tfrancke6f@guardian.co.uk,Female
233,Corey,cchurn6g@pen.io,Male
234,Prentice,pkiddey6h@ustream.tv,Male
235,Roarke,rheather6i@purevolume.com,Male
236,Emmery,ematteacci6j@vinaora.com,Male
237,Leesa,lwicher6k@furl.net,Female
238,Abbie,abungey6l@trellian.com,Female
239,Innis,iegre6m@eepurl.com,Male
240,Leeanne,lmcnutt6n@uiuc.edu,Female
241,Cristian,cstriker6o@hugedomains.com,Male
242,Mortie,mgurden6p@prnewswire.com,Male
243,Dame,dcroneen6q@ycombinator.com,Male
244,Leopold,lvenediktov6r@google.cn,Male
245,Anastasia,adiiorio6s@washingtonpost.com,Female
246,Rubina,rmanders6t@mapquest.com,Female
247,Denney,dfarrans6u@delicious.com,Male
248,Abran,amort6v@google.com.hk,Male
249,Latrina,lleach6w@archive.org,Female
250,Juanita,jgladwin6x@yolasite.com,Female
251,Ervin,edemke6y@wikispaces.com,Male
252,Constantine,cjestico6z@deviantart.com,Female
253,Evita,ehulks70@123-reg.co.uk,Female
254,Atlanta,agoligher71@wikispaces.com,Female
255,Damien,dgiorgielli72@slate.com,Male
256,Allie,aackerman73@weebly.com,Male
257,Bella,bquail74@unblog.fr,Female
258,Florette,fnotman75@unesco.org,Female
259,Idelle,irennels76@bluehost.com,Female
260,Michelina,mskillitt77@creativecommons.org,Female
261,Brittni,bbernth78@people.com.cn,Female
262,Noreen,nvarfolomeev79@fc2.com,Female
263,Isabel,iiacobassi7a@icio.us,Female
264,Joaquin,jlazenby7b@seattletimes.com,Male
265,Violetta,veliff7c@comsenz.com,Female
266,Berk,bbeels7d@ezinearticles.com,Male
267,Ricki,rredgrave7e@privacy.gov.au,Male
268,Jo-ann,jriehm7f@so-net.ne.jp,Female
269,Legra,lfarriar7g@ftc.gov,Female
270,Bertrand,bhartzog7h@tinyurl.com,Male
271,Sophronia,sdoleman7i@wordpress.org,Female
272,Olivero,oeynaud7j@mozilla.org,Male
273,Nahum,nshenfish7k@economist.com,Male
274,Lib,ltott7l@princeton.edu,Female
275,Aurthur,aheine7m@marriott.com,Male
276,Leona,lhyde7n@odnoklassniki.ru,Female
277,Pia,pconniam7o@aboutads.info,Female
278,Bibbye,bboarer7p@who.int,Female
279,Edythe,ejagiello7q@feedburner.com,Female
280,Stacey,sspringthorp7r@comsenz.com,Female
281,Ariana,aleaf7s@springer.com,Female
282,Mirella,mmeric7t@hatena.ne.jp,Female
283,Paulie,pmalley7u@opera.com,Male
284,Nolie,nlawlings7v@sun.com,Female
285,Reginald,rdudney7w@sina.com.cn,Male
286,Darill,dbeechcraft7x@disqus.com,Male
287,Annabal,agoodrich7y@skyrock.com,Female
288,Dion,dschenkel7z@usa.gov,Male
289,Gayler,gwelbelove80@dropbox.com,Male
290,Terrie,tshakesby81@e-recht24.de,Female
291,Jeremy,jswinfon82@army.mil,Male
292,Ossie,oedgerley83@domainmarket.com,Male
293,Lyndsay,lbrookwood84@mayoclinic.com,Female
294,Nichole,nwaiton85@yale.edu,Male
295,Garland,geccersley86@godaddy.com,Female
296,Cherin,cgoodredge87@nifty.com,Female
297,Nissa,nditzel88@forbes.com,Female
298,Giovanni,gskally89@hao123.com,Male
299,Theadora,ttackes8a@psu.edu,Female
300,Barry,btukesby8b@elpais.com,Female
301,Eliot,edidball8c@phpbb.com,Male
302,Gene,gcaddy8d@moonfruit.com,Female
303,Jack,jguildford8e@berkeley.edu,Male
304,Bartel,blaux8f@java.com,Male
305,Gabriela,ghiggonet8g@loc.gov,Female
306,Celka,cmasarrat8h@weebly.com,Female
307,Bernie,btomaszewski8i@ifeng.com,Female
308,Rochelle,rtrousdale8j@indiatimes.com,Female
309,Nolan,nvarndall8k@plala.or.jp,Male
310,Caresa,civanyukov8l@answers.com,Female
311,Tyler,tprowse8m@biblegateway.com,Male
312,Jameson,jbrosetti8n@cbsnews.com,Male
313,Bobbee,broskruge8o@dot.gov,Female
314,Yetty,ymorrowe8p@goodreads.com,Female
315,Booth,bhourahan8q@webeden.co.uk,Male
316,Patrice,pollie8r@fotki.com,Male
317,Jandy,jsmitheman8s@bing.com,Female
318,Conney,clejeune8t@deliciousdays.com,Male
319,Tanhya,tgiottoi8u@unc.edu,Female
320,Joshia,jcossins8v@redcross.org,Male
321,Nadya,noxenbury8w@tiny.cc,Female
322,Skippy,speyto8x@cpanel.net,Male
323,Haydon,hbachshell8y@4shared.com,Male
324,Ronald,rbranscombe8z@reuters.com,Male
325,Gaven,gstampfer90@altervista.org,Male
326,Zandra,zgaisford91@washington.edu,Female
327,Glenn,glambkin92@hexun.com,Female
328,Lanni,lstarie93@myspace.com,Female
329,Valencia,vmerredy94@macromedia.com,Female
330,Sanson,sdana95@godaddy.com,Male
331,Lana,lcolquhoun96@topsy.com,Female
332,Cherilynn,ccervantes97@creativecommons.org,Female
333,Jozef,jjodkowski98@wikipedia.org,Male
334,Bil,broydon99@who.int,Male
335,Floris,fgisburn9a@issuu.com,Female
336,Adan,aingyon9b@barnesandnoble.com,Female
337,Gerladina,gwolvey9c@xrea.com,Female
338,Valenka,vmunson9d@slate.com,Female
339,Magdalen,melloway9e@google.de,Female
340,Alison,ajadczak9f@miitbeian.gov.cn,Female
341,Jens,jabraham9g@youtube.com,Male
342,Fina,fmaffezzoli9h@cloudflare.com,Female
343,Charla,challgath9i@loc.gov,Female
344,Adi,awindle9j@ed.gov,Female
345,Durand,dperrinchief9k@yandex.ru,Male
346,Gherardo,gstoak9l@deliciousdays.com,Male
347,Beale,blepope9m@wikipedia.org,Male
348,Walden,wfink9n@list-manage.com,Male
349,Avrom,acoyle9o@alexa.com,Male
350,Barde,bcody9p@google.com.au,Male
351,Michell,mcasellas9q@paypal.com,Female
352,Jermain,jkira9r@go.com,Male
353,Carmelia,cbealton9s@wikipedia.org,Female
354,Filmer,fhousecroft9t@oakley.com,Male
355,Geordie,gattewill9u@oracle.com,Male
356,Lenka,lgeaveny9v@cyberchimps.com,Female
357,Jocelin,jbricksey9w@nbcnews.com,Female
358,Lennard,lcheyne9x@soundcloud.com,Male
359,Sutherlan,sblaxley9y@nih.gov,Male
360,Devlen,dflook9z@admin.ch,Male
361,Christophe,cpollanda0@usda.gov,Male
362,Nikos,ngrimwada1@cafepress.com,Male
363,Franky,fheddya2@unblog.fr,Female
364,Sunny,sibarraa3@wikipedia.org,Female
365,Derek,dscurrya4@reuters.com,Male
366,Graham,gaylmera5@wp.com,Male
367,Barr,bcrofta6@yelp.com,Male
368,Coop,cgrigorinia7@livejournal.com,Male
369,Mollie,mdelayglesiaa8@mail.ru,Female
370,Ravi,rmandrakea9@economist.com,Male
371,Myriam,mpartrickaa@shop-pro.jp,Female
372,Warner,wrouffab@smh.com.au,Male
373,Wait,wfedynskiac@csmonitor.com,Male
374,Elene,eandrieuad@wp.com,Female
375,Falito,fscoullarae@qq.com,Male
376,Jackqueline,jrevilleaf@etsy.com,Female
377,Lilllie,lprettymanag@cyberchimps.com,Female
378,Margy,mwilkennsonah@hhs.gov,Female
379,Gibby,ghandlinai@spotify.com,Male
380,Damita,dlapthorneaj@constantcontact.com,Female
381,Loy,lfredianiak@cnn.com,Male
382,Goldi,gsorrillal@vistaprint.com,Female
383,Darnell,dsebiream@fda.gov,Male
384,Jozef,jaubryan@diigo.com,Male
385,Carmelita,cmccombao@homestead.com,Female
386,Cosimo,cgregolottiap@123-reg.co.uk,Male
387,Juditha,jmartinotaq@liveinternet.ru,Female
388,Brittan,bweallar@columbia.edu,Female
389,Liam,lbengleas@symantec.com,Male
390,Maison,mvanveldenat@instagram.com,Male
391,Fern,fdawidowitschau@smh.com.au,Female
392,Maryanna,mcunniamav@naver.com,Female
393,Shayne,sstokeyaw@jimdo.com,Female
394,Tracie,tpittockax@jigsy.com,Female
395,Dante,ddellenbachay@ehow.com,Male
396,Max,mbarrowsaz@techcrunch.com,Female
397,Andonis,abillhamb0@marriott.com,Male
398,Hugh,hpennettab1@blog.com,Male
399,Bud,bdutnellb2@friendfeed.com,Male
400,Kaleb,kwhewillb3@soup.io,Male
401,Dexter,dgonoudeb4@eventbrite.com,Male
402,Torrie,tirnysb5@weibo.com,Female
403,Kimberli,kbathob6@businessinsider.com,Female
404,Doralin,dmooganb7@scientificamerican.com,Female
405,Luca,lflisherb8@omniture.com,Male
406,Donavon,dlittlekitb9@gizmodo.com,Male
407,Pace,pbasonba@jugem.jp,Male
408,Carri,ckobierrabb@mashable.com,Female
409,Augustine,acrottybc@qq.com,Female
410,Caroljean,cpogebd@gizmodo.com,Female
411,Chere,cszymanzykbe@usatoday.com,Female
412,Brooks,blatorebf@wsj.com,Female
413,Stefa,sbonannobg@washington.edu,Female
414,Mariellen,mdwerryhousebh@pcworld.com,Female
415,Roldan,rpleadenbi@msu.edu,Male
416,Jelene,jlamondbj@ucoz.ru,Female
417,Gothart,gdemcakbk@oakley.com,Male
418,Ryan,ranningbl@paypal.com,Male
419,Sutherlan,skemmettbm@cafepress.com,Male
420,Merell,mtrenholmbn@scribd.com,Male
421,Antonia,apischelbo@typepad.com,Female
422,Nikos,nwillgrassbp@java.com,Male
423,Rozalin,rcagebq@de.vu,Female
424,Barb,bfetteplacebr@phoca.cz,Female
425,Vail,vmeaderbs@samsung.com,Male
426,Georgie,gheaphybt@boston.com,Male
427,Ermin,egroverbu@storify.com,Male
428,Perceval,plockeybv@ibm.com,Male
429,Stevena,ssegravebw@si.edu,Female
430,Cirillo,cscanlanbx@sun.com,Male
431,Rycca,rbowldby@examiner.com,Female
432,Debor,dmaccardbz@cdbaby.com,Female
433,Germain,gladenc0@wisc.edu,Female
434,Melania,mreichartzc1@booking.com,Female
435,Hedwiga,hmacknockiterc2@netvibes.com,Female
436,Wald,wgonzaloc3@posterous.com,Male
437,Pavlov,psimmankc4@i2i.jp,Male
438,Bibi,bwalfordc5@chicagotribune.com,Female
439,Hettie,hcrickmoorc6@networkadvertising.org,Female
440,Marinna,mrotherhamc7@tamu.edu,Female
441,Monica,mmilkehamc8@thetimes.co.uk,Female
442,Dorette,dsalvatorec9@wikipedia.org,Female
443,Queenie,qandreasenca@exblog.jp,Female
444,Chloette,cmemmorycb@mapquest.com,Female
445,Bliss,bdalrymplecc@tiny.cc,Female
446,Nils,nsoutherdencd@macromedia.com,Male
447,Kerrin,krockhallce@eepurl.com,Female
448,Kaylee,kmechemcf@columbia.edu,Female
449,Gertrude,gsthillcg@shareasale.com,Female
450,Rickard,rforshawch@t.co,Male
451,Haleigh,hfentyci@slashdot.org,Male
452,Padriac,ptotterdillcj@unicef.org,Male
453,Stefano,ssambrokck@prweb.com,Male
454,Clim,ciacovidescl@google.nl,Male
455,Jody,jmorlingcm@who.int,Male
456,Osgood,odefriescn@netvibes.com,Male
457,Pepe,pyakobowitzco@jalbum.net,Male
458,Culley,cpolinicp@tumblr.com,Male
459,Geoffry,glowcq@fastcompany.com,Male
460,Colby,ciwanczykcr@hexun.com,Male
461,Bel,bspurriercs@stanford.edu,Female
462,Rochester,rhatcherct@google.it,Male
463,Mario,meadycu@usatoday.com,Male
464,Quent,qyeatscv@statcounter.com,Male
465,Eveline,eduligalcw@ocn.ne.jp,Female
466,Vonny,vshavescx@google.com.hk,Female
467,Kattie,kdobinsoncy@un.org,Female
468,Ellary,ejewesscz@state.gov,Male
469,Othella,odeferrarid0@walmart.com,Female
470,Kiersten,kdagworthyd1@a8.net,Female
471,Lisha,ltromand2@springer.com,Female
472,Wildon,wpickaverd3@zimbio.com,Male
473,Annabella,abompassd4@over-blog.com,Female
474,Wittie,wtonryd5@issuu.com,Male
475,Aymer,afearbyd6@cisco.com,Male
476,Janel,jwoollardd7@hibu.com,Female
477,Tammie,theadeyd8@so-net.ne.jp,Male
478,Naomi,ncruttendend9@pbs.org,Female
479,Garrek,gplankda@godaddy.com,Male
480,Margalo,mwestmoredb@tripadvisor.com,Female
481,Carry,cmorodc@time.com,Female
482,Carling,cspiersdd@time.com,Male
483,Rowney,rtrittamde@behance.net,Male
484,Lanie,lsimonassidf@squarespace.com,Female
485,Catlee,cmcilherandg@cbc.ca,Female
486,Rowe,rmarquesdh@privacy.gov.au,Female
487,Joni,jpocklingtondi@ning.com,Female
488,Moria,mbatstonedj@state.gov,Female
489,Allegra,aohalligandk@ox.ac.uk,Female
490,Claudette,cruffdl@free.fr,Female
491,Myrtie,mdonavandm@chronoengine.com,Female
492,Micky,mgrenvilledn@gov.uk,Male
493,Bridgette,boconnordo@npr.org,Female
494,Marian,mspinodp@theglobeandmail.com,Female
495,Teri,tpashlerdq@mtv.com,Female
496,Tania,trugieridr@samsung.com,Female
497,Georgie,gmckeagds@wikispaces.com,Male
498,Thebault,talltimesdt@bandcamp.com,Male
499,Egon,egiraudatdu@diigo.com,Male
500,Woodie,wharnettydv@networkadvertising.org,Male
501,Tildy,twidocksdw@cisco.com,Female
502,Sofie,sraselldx@cbslocal.com,Female
503,Emalia,enorthindy@dedecms.com,Female
504,Goddart,gbenningdz@miitbeian.gov.cn,Male
505,Lisbeth,lgiacobbinijacobe0@barnesandnoble.com,Female
506,Steward,skorbae1@blogs.com,Male
507,Goober,gkinvere2@ustream.tv,Male
508,Paula,pburneye3@statcounter.com,Female
509,Niles,ncanedoe4@php.net,Male
510,Olag,ocanizarese5@dailymail.co.uk,Male
511,Mag,mtilbeye6@sakura.ne.jp,Female
512,Freddie,fpitbladoe7@amazon.co.jp,Male
513,Mora,mfrazere8@google.cn,Female
514,Joelle,jbesante9@cdc.gov,Female
515,Joelly,jspeirea@moonfruit.com,Female
516,Emile,ecasbolteb@baidu.com,Male
517,Emilia,estorksec@sina.com.cn,Female
518,Geri,gmccanned@gizmodo.com,Female
519,Luigi,lfarnworthee@theatlantic.com,Male
520,Nels,nthiolieref@amazon.co.uk,Male
521,Ned,nstainsoneg@skyrock.com,Male
522,Mellisent,marnaulteh@apache.org,Female
523,Howie,hrubinovei@1und1.de,Male
524,Charissa,cflochej@dedecms.com,Female
525,Reba,rabbeyek@arizona.edu,Female
526,Elihu,elasslettel@com.com,Male
527,Johanna,jgronavem@hao123.com,Female
528,Izak,ibaddoeen@theglobeandmail.com,Male
529,Salomi,sgrigorianeo@tumblr.com,Female
530,Quintin,qbarmbyep@usatoday.com,Male
531,Brendon,bsnowdoneq@dyndns.org,Male
532,Conn,cmocherer@amazon.co.jp,Male
533,Modestine,mdrexeles@webnode.com,Female
534,Shadow,sagneauet@ask.com,Male
535,Frannie,fkleyneneu@alibaba.com,Male
536,Erma,equestedev@mysql.com,Female
537,Niel,nlawlessew@angelfire.com,Male
538,Massimo,mbleasdaleex@loc.gov,Male
539,Alia,aboundleyey@so-net.ne.jp,Female
540,Arne,afiorentinoez@rediff.com,Male
541,Aviva,arochf0@disqus.com,Female
542,Sander,secklyf1@apple.com,Male
543,Zarah,zguestef2@merriam-webster.com,Female
544,Faith,fhawkwoodf3@berkeley.edu,Female
545,Daron,dchellingworthf4@blogger.com,Female
546,Archambault,acarriagef5@guardian.co.uk,Male
547,Lurette,ldunridgef6@ucoz.com,Female
548,Fernando,fgatelandf7@phpbb.com,Male
549,Adella,apedrollof8@bandcamp.com,Female
550,Dennet,dhattoef9@whitehouse.gov,Male
551,Husein,hcalwayfa@github.io,Male
552,Hirsch,hbaddamfb@answers.com,Male
553,Jaime,jgromleyfc@bing.com,Male
554,Rozanna,rmancerfd@symantec.com,Female
555,Lib,lrodbournefe@umn.edu,Female
556,Mahala,mstonerff@amazon.com,Female
557,Cristobal,cknewstubfg@miitbeian.gov.cn,Male
558,Stillman,salsfordfh@plala.or.jp,Male
559,Hogan,hsedgerfi@cafepress.com,Male
560,Giselbert,gsquirrelfj@archive.org,Male
561,Hermina,hcheelfk@paypal.com,Female
562,Nate,nkeeffefl@slate.com,Male
563,Vanya,vmatteonifm@mediafire.com,Female
564,Hurleigh,hbernathfn@wikimedia.org,Male
565,Gilberte,gmaskelynefo@mashable.com,Female
566,Jane,jmatokhninfp@huffingtonpost.com,Female
567,Elke,eblackallerfq@lulu.com,Female
568,Ajay,agarlingfr@cafepress.com,Female
569,Clayborn,calvaradofs@imdb.com,Male
570,Vicky,vterbruggenft@phoca.cz,Female
571,Ame,aairdriefu@webs.com,Female
572,Cybil,cjeyesfv@uiuc.edu,Female
573,Agnes,astollenbeckerfw@sohu.com,Female
574,Palm,pstallibrassfx@com.com,Male
575,Heinrick,hmayhewfy@cdc.gov,Male
576,Ashby,ahestropfz@wordpress.com,Male
577,Lambert,lhollebong0@wix.com,Male
578,Beaufort,bkomorowskig1@spiegel.de,Male
579,Pip,promainesg2@webnode.com,Male
580,Thorpe,tklimkiewichg3@wisc.edu,Male
581,Avivah,afogartyg4@google.com.hk,Female
582,Bibby,bhacketg5@macromedia.com,Female
583,Boniface,bwyperg6@example.com,Male
584,Uri,udanatg7@toplist.cz,Male
585,Juan,jcarpmileg8@skyrock.com,Male
586,Lib,lfelthamg9@imdb.com,Female
587,Vyky,vwoodroffga@spiegel.de,Female
588,Margaret,mhendrikgb@un.org,Female
589,King,kplowrightgc@mac.com,Male
590,Ulrich,ustanyforthgd@harvard.edu,Male
591,Pyotr,pjeffreege@webmd.com,Male
592,Kylie,kmaultbygf@cmu.edu,Female
593,Shellysheldon,srobygg@cyberchimps.com,Male
594,Heinrik,hobellgh@last.fm,Male
595,Lenard,lfeachamgi@hexun.com,Male
596,Nye,nmartgj@soundcloud.com,Male
597,Gregorio,gfolangk@yellowpages.com,Male
598,Conn,chuegettgl@dyndns.org,Male
599,Patricio,ptraversgm@howstuffworks.com,Male
600,Frederich,fsedgmondgn@ca.gov,Male
601,Jeanie,jantonovgo@wisc.edu,Female
602,Nathalia,nconklingp@netvibes.com,Female
603,Nefen,ndrewetgq@usatoday.com,Male
604,Booth,bstoutgr@thetimes.co.uk,Male
605,Pauly,pdamarellgs@mysql.com,Female
606,Haleigh,hgowgt@tamu.edu,Male
607,Katleen,kkroppgu@naver.com,Female
608,Marcelo,mprophetgv@sina.com.cn,Male
609,Ame,aellamgw@tripadvisor.com,Female
610,Annemarie,aliccardogx@blinklist.com,Female
611,Lani,lcrolegy@4shared.com,Female
612,Helen-elizabeth,hwontnergz@japanpost.jp,Female
613,Vicki,vvallish0@storify.com,Female
614,Mitzi,mwrightsonh1@disqus.com,Female
615,Lenette,lroystonh2@amazonaws.com,Female
616,Milissent,mlegerh3@zdnet.com,Female
617,Gasparo,gbennisonh4@ocn.ne.jp,Male
618,Othello,osweetsurh5@vk.com,Male
619,Darrin,dforsterh6@tumblr.com,Male
620,Michaella,mlabesh7@digg.com,Female
621,Collete,clocarnoh8@yellowpages.com,Female
622,Anetta,apoulglaish9@vk.com,Female
623,Truman,tchalonerha@columbia.edu,Male
624,Jaclyn,jpitrellihb@smh.com.au,Female
625,Bradan,bcutforthhc@devhub.com,Male
626,Kris,kproudlockhd@webmd.com,Male
627,Addison,aedmotthe@microsoft.com,Male
628,Gabriello,gduminihf@hc360.com,Male
629,Banky,bmoarhg@google.de,Male
630,Christyna,cdaventryhh@blogtalkradio.com,Female
631,Normand,nalredhi@businessweek.com,Male
632,Nanete,ndungayhj@constantcontact.com,Female
633,Oralee,oquirkhk@washington.edu,Female
634,Mallory,mchandershl@xing.com,Male
635,Verena,vtomasinohm@oakley.com,Female
636,Victor,vkneelandhn@adobe.com,Male
637,Arlie,ahoudhuryho@dot.gov,Female
638,Tomasine,tfacehp@topsy.com,Female
639,Templeton,tcucinottahq@dedecms.com,Male
640,Maryann,madanethr@addthis.com,Female
641,Darryl,dstapelshs@ebay.com,Male
642,Griswold,gburfittht@indiegogo.com,Male
643,Jule,jsalthu@google.de,Male
644,Sigmund,sfancehv@people.com.cn,Male
645,Riobard,rbaggarleyhw@deviantart.com,Male
646,Morgan,mmargetthx@1und1.de,Female
647,Myrna,mmuglestonhy@a8.net,Female
648,Emylee,edealyhz@gizmodo.com,Female
649,Hercules,hbiggami0@ycombinator.com,Male
650,Adina,amacanellyei1@i2i.jp,Female
651,Janos,jfoulisi2@bandcamp.com,Male
652,Pierrette,pforresti3@is.gd,Female
653,Dane,dgunningi4@samsung.com,Male
654,Fredek,fkilbanei5@free.fr,Male
655,Linnell,lrizzardinii6@wikipedia.org,Female
656,Melina,mawcocki7@globo.com,Female
657,Kamilah,kcardewi8@theglobeandmail.com,Female
658,Mitchel,mgrayhami9@umich.edu,Male
659,Rosene,rdevonshireia@linkedin.com,Female
660,Valle,vcawthornib@wikipedia.org,Male
661,Donaugh,dkindleysidesic@taobao.com,Male
662,Madonna,mjagoid@scribd.com,Female
663,Candie,carterie@photobucket.com,Female
664,Dyana,dcutillif@edublogs.org,Female
665,Erika,ebagnalig@msu.edu,Female
666,Hirsch,hharbinih@usda.gov,Male
667,Derk,dclemontsii@youku.com,Male
668,Ragnar,roliverpaullij@unc.edu,Male
669,Bartram,brapsonik@columbia.edu,Male
670,Aarika,akimmingsil@blogspot.com,Female
671,Debby,dburnsellim@altervista.org,Female
672,Gregory,gadamskyin@yellowpages.com,Male
673,Raphaela,rgriffeio@sfgate.com,Female
674,Noll,nmallatrattip@economist.com,Male
675,Libbey,lanthoniesiq@prweb.com,Female
676,Lari,lvickarir@cpanel.net,Female
677,Leopold,lkleinis@yahoo.com,Male
678,Olenolin,ojuppeit@phpbb.com,Male
679,Winni,wclutheramiu@yolasite.com,Female
680,Chase,cmatzkaitisiv@theglobeandmail.com,Male
681,Enos,edannelliw@harvard.edu,Male
682,Luci,lslattenix@bizjournals.com,Female
683,Nanine,nburkmaniy@github.com,Female
684,Abran,aebyiz@furl.net,Male
685,Mora,mnodesj0@arstechnica.com,Female
686,Jules,jwaddingtonj1@hexun.com,Male
687,Rosetta,rtalesj2@reference.com,Female
688,Winni,wrupertj3@amazonaws.com,Female
689,Steffie,sberriballj4@sphinn.com,Female
690,Marti,mlaundonj5@hud.gov,Female
691,Leia,lgockej6@engadget.com,Female
692,Paige,pinglesentj7@desdev.cn,Male
693,Barnett,bgodartj8@buzzfeed.com,Male
694,Carly,cjaggsj9@canalblog.com,Female
695,Winthrop,wschierschja@theguardian.com,Male
696,Nanete,nbaeldejb@google.com.au,Female
697,Regen,rbowlejc@mlb.com,Male
698,Alix,akyrkemanjd@ask.com,Female
699,Aubert,afaveyje@photobucket.com,Male
700,Merrilee,mcowdroyjf@wiley.com,Female
701,Genovera,gchingjg@hatena.ne.jp,Female
702,Fidela,fmcevonjh@netlog.com,Female
703,Hali,hsimonsji@surveymonkey.com,Female
704,Jaimie,jruttgersjj@sohu.com,Female
705,Linus,lgilloolyjk@google.fr,Male
706,Nicki,ndewsjl@cbsnews.com,Female
707,Davine,dcasewelljm@sciencedirect.com,Female
708,Jeanna,joveryjn@rakuten.co.jp,Female
709,Lester,lbussensjo@hexun.com,Male
710,Ruddie,rcoweyjp@guardian.co.uk,Male
711,Gale,gstranaghanjq@tumblr.com,Male
712,Tarra,tgolsthorpjr@walmart.com,Female
713,Anjela,agrinsdalejs@nsw.gov.au,Female
714,Thorsten,thowsamjt@hhs.gov,Male
715,Frieda,fgirauldju@paypal.com,Female
716,Ross,rarnowitzjv@ovh.net,Male
717,Natalie,ngudginjw@nydailynews.com,Female
718,Jasper,jroebuckjx@businessinsider.com,Male
719,Sherwin,stantijy@columbia.edu,Male
720,Calley,ccowgilljz@ycombinator.com,Female
721,Casper,cdeekesk0@marketwatch.com,Male
722,Bastien,bcolombk1@discuz.net,Male
723,Bea,bwhacketk2@illinois.edu,Female
724,Dore,dgaywoodk3@studiopress.com,Male
725,Celesta,cduddenk4@reverbnation.com,Female
726,Ewen,elegallk5@odnoklassniki.ru,Male
727,Tabor,tbaskeyfiedk6@bing.com,Male
728,Roz,rrainyk7@ft.com,Female
729,Bryn,bpickaverk8@g.co,Female
730,Helyn,hedinburghk9@histats.com,Female
731,Wiley,wmargrieka@is.gd,Male
732,Inga,ihookskb@studiopress.com,Female
733,Samuel,sharneskc@tiny.cc,Male
734,Elana,eharlykd@addtoany.com,Female
735,Lottie,lwrixonke@ed.gov,Female
736,Celestine,csickertkf@discovery.com,Female
737,Lesley,lgiorgionikg@woothemes.com,Male
738,Isacco,iwrigleykh@ifeng.com,Male
739,Rodrigo,rsymeki@eepurl.com,Male
740,Martha,mhaddletonkj@delicious.com,Female
741,Osbourn,omccartkk@360.cn,Male
742,Warner,wboddiekl@java.com,Male
743,Ludovico,ldundendalekm@dell.com,Male
744,Brien,bmckennakn@histats.com,Male
745,Brendis,bblitzerko@gov.uk,Male
746,Merlina,mmaccaffertykp@usa.gov,Female
747,Smith,sgonninkq@apache.org,Male
748,Holmes,hbrandenbergkr@nifty.com,Male
749,Quent,qscurrerks@accuweather.com,Male
750,Durward,dlonghornekt@google.co.jp,Male
751,Robinet,rkennicottku@ebay.co.uk,Male
752,Steffie,sgerredkv@yellowpages.com,Female
753,Josey,jventonkw@t-online.de,Female
754,Katherine,kmytonkx@cbslocal.com,Female
755,Gray,gcorbittky@go.com,Female
756,Marco,mspadazzikz@tuttocitta.it,Male
757,Efren,eirwinl0@tinypic.com,Male
758,Bernhard,bpauncefootl1@tamu.edu,Male
759,Laura,ldumphreyl2@squarespace.com,Female
760,Roderic,rbisgrovel3@comsenz.com,Male
761,Bonny,bwallworkel4@cnbc.com,Female
762,Brynna,bbruhnl5@youtube.com,Female
763,Rowan,rcoskerl6@ebay.co.uk,Male
764,Say,sulyetl7@ox.ac.uk,Male
765,Haleigh,hentresl8@typepad.com,Female
766,Olivie,onovilll9@reference.com,Female
767,Guthrey,gashbela@msu.edu,Male
768,Lib,lsimcocklb@furl.net,Female
769,Nathan,nsemiraslc@ocn.ne.jp,Male
770,Richardo,reveritld@ted.com,Male
771,Lorens,lberreclothle@bravesites.com,Male
772,Billie,bcarberrylf@nasa.gov,Male
773,Justis,jcrouselg@quantcast.com,Male
774,Nathaniel,ncanetelh@intel.com,Male
775,Griffy,gpetruskali@army.mil,Male
776,Moyna,mdehmellj@trellian.com,Female
777,Paige,papthorpelk@mozilla.com,Male
778,Jo,jswinfordll@microsoft.com,Female
779,Gilly,gjanuarystlm@yahoo.co.jp,Female
780,Brenn,bwolledgeln@si.edu,Female
781,Sophie,setucklo@123-reg.co.uk,Female
782,Man,mkeayselllp@who.int,Male
783,Luciana,lkurtislq@creativecommons.org,Female
784,Dottie,dlapishlr@google.co.jp,Female
785,Harley,hbroomhallls@about.me,Female
786,Kim,kdiffleylt@dyndns.org,Female
787,Brittney,bgaenorlu@barnesandnoble.com,Female
788,Fletch,fcoverlylv@myspace.com,Male
789,Kordula,kscanlonlw@ebay.co.uk,Female
790,Bonny,bbarbierlx@bigcartel.com,Female
791,Julio,jgrigorianly@barnesandnoble.com,Male
792,Gerrie,gyounielz@skyrock.com,Male
793,Haven,hbansteadm0@people.com.cn,Male
794,Abbott,acantrillm1@google.es,Male
795,Bennie,bmurcottm2@clickbank.net,Male
796,Fleur,fallmannm3@freewebs.com,Female
797,Abigail,aloffillm4@walmart.com,Female
798,Reider,rmacscheriem5@senate.gov,Male
799,Wood,whemphreym6@wired.com,Male
800,Jaquenette,joreheadm7@friendfeed.com,Female
801,Randi,rcodlingm8@trellian.com,Male
802,Skye,srohlfingm9@nydailynews.com,Male
803,Jory,jvondruskama@princeton.edu,Male
804,Hughie,hmoyersmb@cisco.com,Male
805,Ainslee,adanielimc@feedburner.com,Female
806,Bathsheba,bcromarmd@slate.com,Female
807,Addy,adoretme@noaa.gov,Male
808,Wynne,wparagreenmf@blinklist.com,Female
809,Corbet,cplymg@elegantthemes.com,Male
810,Zacharias,zsurfleetmh@altervista.org,Male
811,Gardener,gcrewsmi@forbes.com,Male
812,Sibelle,sgiraudotmj@newyorker.com,Female
813,Zsazsa,zbultermk@scribd.com,Female
814,Arnaldo,alormanml@yellowpages.com,Male
815,Veronica,vpachtmm@uiuc.edu,Female
816,Scarlett,sscaymn@dion.ne.jp,Female
817,Cacilia,chuddlesmo@qq.com,Female
818,Blancha,bkemstermp@washingtonpost.com,Female
819,Clary,cdavinetmq@cloudflare.com,Female
820,Jenda,jfathersmr@friendfeed.com,Female
821,Angie,akensonms@edublogs.org,Male
822,Celene,cmelmoremt@shinystat.com,Female
823,Dorthea,dblackburnemu@printfriendly.com,Female
824,Klara,kbeedlemv@paginegialle.it,Female
825,Franzen,fzmitrukmw@freewebs.com,Male
826,Dominica,dlonglandmx@chicagotribune.com,Female
827,Maddy,msprittmy@nyu.edu,Female
828,Davy,dambrosolimz@fotki.com,Male
829,Rodolfo,rlightollern0@uiuc.edu,Male
830,Carson,cmanwelln1@washingtonpost.com,Male
831,Wyatan,wtavinorn2@networkadvertising.org,Male
832,Broddie,bmanueln3@parallels.com,Male
833,Marilyn,mrippinn4@foxnews.com,Female
834,Charlton,cbrixeyn5@sourceforge.net,Male
835,Stern,sflintoffen6@google.pl,Male
836,Francklyn,flittlecoten7@imageshack.us,Male
837,Nikola,nadamczykn8@wikia.com,Male
838,Sonny,smiddlern9@naver.com,Female
839,Laura,lgrunderna@fastcompany.com,Female
840,Leland,lvernynb@360.cn,Male
841,Ira,ivondrysnc@unicef.org,Male
842,Rusty,roakeshottnd@newyorker.com,Male
843,Hewett,hpetrulisne@wordpress.com,Male
844,Ignazio,isolanonf@cdc.gov,Male
845,Marline,mmoorwoodng@whitehouse.gov,Female
846,Georg,gbaissnh@google.nl,Male
847,Lona,lterbeckni@ebay.co.uk,Female
848,Giraldo,gproppersnj@weibo.com,Male
849,Steffane,scastlesnk@zdnet.com,Female
850,Maryjane,mampsnl@go.com,Female
851,Tye,tcrombleholmenm@ehow.com,Male
852,Ophelie,oranahannn@com.com,Female
853,Wendel,whayllerno@ebay.co.uk,Male
854,Hilliary,hmacdiarmidnp@about.me,Female
855,Hephzibah,haitkinnq@bbc.co.uk,Female
856,Chilton,cdeeginnr@ask.com,Male
857,Virgil,velloitns@booking.com,Male
858,Rutger,rannesnt@opensource.org,Male
859,Kerrin,khurnellnu@mayoclinic.com,Female
860,Corny,chattonnv@state.tx.us,Female
861,Bengt,bcochenw@biblegateway.com,Male
862,Austin,abonavianx@mozilla.org,Male
863,Dall,dfairlieny@economist.com,Male
864,Clare,cpendocknz@studiopress.com,Female
865,Neal,nkaygillo0@csmonitor.com,Male
866,Melamie,mdacho1@pcworld.com,Female
867,Willy,wcakeo2@cpanel.net,Male
868,Bobina,bcomleyo3@wired.com,Female
869,Rafaellle,rbaretteo4@guardian.co.uk,Male
870,Cara,cvasilyevskio5@bing.com,Female
871,Lazar,lsparwayo6@xrea.com,Male
872,Alfredo,aclaytono7@chicagotribune.com,Male
873,Corene,cdelgardoo8@admin.ch,Female
874,Clementius,cdenisovicho9@people.com.cn,Male
875,Ilsa,iextiloa@cdbaby.com,Female
876,Kane,kyeldhamob@globo.com,Male
877,Nerta,ngilleroc@elegantthemes.com,Female
878,Ardith,awhorlowod@ucoz.com,Female
879,Ase,atasselloe@godaddy.com,Male
880,Granger,groyceof@jigsy.com,Male
881,Dionis,dcuppleditchog@sitemeter.com,Female
882,Clayson,cbuckettoh@example.com,Male
883,Bryant,bthreaderoi@prweb.com,Male
884,Holt,hberntssenoj@google.it,Male
885,Goddard,gsillickok@reddit.com,Male
886,Alfonso,astirleyol@soundcloud.com,Male
887,Rosemaria,rtittershillom@typepad.com,Female
888,Deerdre,dcutajaron@mayoclinic.com,Female
889,Waverley,wreckeoo@e-recht24.de,Male
890,Cece,cproschekop@walmart.com,Male
891,Allix,ablinckooq@arizona.edu,Female
892,Allegra,afoucheror@disqus.com,Female
893,Guilbert,ghaslamos@umich.edu,Male
894,Jacintha,jdudneyot@t.co,Female
895,Michael,marnasonou@networkadvertising.org,Male
896,Devondra,dcroneov@springer.com,Female
897,Rochell,rtullisow@bandcamp.com,Female
898,Coraline,cstronackox@de.vu,Female
899,Kaye,kwhitehornoy@gnu.org,Female
900,Erna,edavidovicioz@bandcamp.com,Female
901,Mortie,mwandp0@adobe.com,Male
902,Holly,hjedrzaszkiewiczp1@hatena.ne.jp,Male
903,Adina,apaolillop2@sohu.com,Female
904,Idalia,iclemenceaup3@harvard.edu,Female
905,Dane,dgelemanp4@cornell.edu,Male
906,Gordan,gjanp5@arizona.edu,Male
907,Carlo,cdebrickp6@wp.com,Male
908,Izzy,ioppiep7@over-blog.com,Male
909,Josiah,jlethabridgep8@discovery.com,Male
910,Julieta,jcheccuzzip9@cnet.com,Female
911,Benyamin,bdomonkospa@qq.com,Male
912,Karoly,kgoodsirpb@privacy.gov.au,Female
913,Wainwright,wcorradinipc@gravatar.com,Male
914,Caesar,cjendrickepd@ifeng.com,Male
915,Marcie,mhorsewoodpe@e-recht24.de,Female
916,Hertha,hoconcannonpf@admin.ch,Female
917,Shaine,shillinpg@desdev.cn,Male
918,Elliot,ebreytph@ca.gov,Male
919,Conan,cshurrockspi@fc2.com,Male
920,Mycah,mbaggettpj@patch.com,Male
921,Gearard,gtownpk@skyrock.com,Male
922,Edyth,eibbetsonpl@topsy.com,Female
923,Claudelle,ccruspm@ca.gov,Female
924,Darn,dburgoinpn@purevolume.com,Male
925,Dorolice,dgoodsellpo@eepurl.com,Female
926,Bari,borrobinpp@shareasale.com,Female
927,Angil,acrewespq@ucla.edu,Female
928,Valdemar,vmitchampr@webeden.co.uk,Male
929,Evita,eghirardips@xinhuanet.com,Female
930,Wald,wmuntpt@webs.com,Male
931,Bastien,bmedfordpu@mayoclinic.com,Male
932,Dwain,dbirtwistlepv@dot.gov,Male
933,Stephana,sarnaezpw@utexas.edu,Female
934,Jasmine,jcodpx@howstuffworks.com,Female
935,Fonz,fgebbypy@bing.com,Male
936,Sula,sspirapz@shutterfly.com,Female
937,Giffie,gcliffq0@fotki.com,Male
938,Aurora,ahambrightq1@blogger.com,Female
939,Maritsa,mjoderliq2@fda.gov,Female
940,Elyse,elequeuxq3@quantcast.com,Female
941,Celle,ccrebottq4@yale.edu,Female
942,Lizzy,ltebbothq5@nyu.edu,Female
943,Freddy,fgalileeq6@mail.ru,Male
944,Reggie,rcribbinsq7@imdb.com,Female
945,Mathilde,mhupkaq8@yellowpages.com,Female
946,Maure,mbunhillq9@t.co,Female
947,Natividad,nkaremanqa@shop-pro.jp,Female
948,Codie,cjansaqb@skype.com,Male
949,Reinaldo,rmintyqc@nymag.com,Male
950,Eldridge,ejoderliqd@google.com.hk,Male
951,Jethro,jcapeyqe@ox.ac.uk,Male
952,Isahella,iburnistonqf@furl.net,Female
953,Ber,bmottinelliqg@arstechnica.com,Male
954,Stephanus,sorwinqh@paypal.com,Male
955,Nadya,nbrineqi@elegantthemes.com,Female
956,Graeme,gantunezqj@mit.edu,Male
957,Cassandre,cbenningtonqk@google.de,Female
958,Marlin,mfloatql@sohu.com,Male
959,Ado,acamlinqm@wisc.edu,Male
960,Hestia,hleatesqn@shop-pro.jp,Female
961,Caren,clinnemanqo@jiathis.com,Female
962,Ewan,emasedonqp@indiegogo.com,Male
963,Arnie,aantonyqq@cloudflare.com,Male
964,Andros,amacalasterqr@printfriendly.com,Male
965,Libbie,llubeckqs@biglobe.ne.jp,Female
966,Padgett,palcaldeqt@narod.ru,Male
967,Sarita,sgarstangqu@un.org,Female
968,Albina,amaccartanqv@bravesites.com,Female
969,Adara,aonealqw@ft.com,Female
970,Kaine,ksybeqx@samsung.com,Male
971,Mead,mgowerqy@angelfire.com,Female
972,Michail,mfetherstonqz@tuttocitta.it,Male
973,Wainwright,whirtzr0@hexun.com,Male
974,Kara-lynn,kpawellekr1@whitehouse.gov,Female
975,Audrey,adeeproser2@dell.com,Female
976,Elane,ebiersr3@mysql.com,Female
977,Rodi,rlightmanr4@auda.org.au,Female
978,Christalle,cmagorr5@163.com,Female
979,Alexandrina,acanadasr6@weather.com,Female
980,Myer,mdavager7@wunderground.com,Male
981,Bree,bcoalesr8@lulu.com,Female
982,Sergio,skezourecr9@acquirethisname.com,Male
983,Gauthier,gwormaldra@ucoz.ru,Male
984,Morly,mtornsrb@prweb.com,Male
985,Sylvan,swinskillrc@cam.ac.uk,Male
986,Fredia,fgubbinsrd@baidu.com,Female
987,Chaim,ccannre@addtoany.com,Male
988,Dianne,dbricketrf@hibu.com,Female
989,Johny,jvaggrg@cafepress.com,Male
990,Roley,rclappsonrh@oracle.com,Male
991,Suzy,swhistlecraftri@linkedin.com,Female
992,Lorilyn,lprugelrj@ihg.com,Female
993,Fernanda,frousselrk@topsy.com,Female
994,Elmer,emcphillimeyrl@weibo.com,Male
995,Bethena,bkemprm@sogou.com,Female
996,Neille,ncastanagarn@paypal.com,Female
997,Herbie,hlowbridgero@sitemeter.com,Male
998,Jesse,jmcgonigalrp@cpanel.net,Male
999,Natalina,nyvensrq@sfgate.com,Female
1000,Torrance,trosenfeldrr@google.fr,Male
